{"tfjsVersion":"1.3.1","tmVersion":"2.4.7","packageVersion":"0.8.4-alpha2","packageName":"@teachablemachine/image","timeStamp":"2024-06-10T02:16:39.924Z","userMetadata":{},"modelName":"독초판별기","labels":["괭이밥 (Oxalis corniculata)","꿀풀 (Prunella vulgaris)","도깨비가지 (Solanum carolinense)","벽오동 (Firmiana simplex)","쉽싸리 (Lespedeza cuneata)","아욱 (Malva neglecta)","쥐방울덩굴 (Aristolochia contorta)","참취 (Aster scaber)","큰꿩의비름 (Sedum kamtschaticum)","개옻나무(Rhus trichocarpa)","곰취 (Ligularia fischeri)","연꽃(Nelumbo nucifera)","미나리(Oenanthe javanica)"],"imageSize":224}